{
	"serviceWeb" : [ 
		{
			"serviceType" : "New",
			"serviceName" : "100% Satisfaction",
			"serviceCost" : "75",
			"serviceContent" : "Sed do eiusmod tempor incididunt ut labore et dolore magna aliqua. lorem ipsum dolor sit amet, consectetur, Ut enim ad minim veniam adipisicing elit."
		},
		{
			"serviceType" : "New",
			"serviceName" : "Safety First",
			"serviceCost" : "80",
			"serviceContent" : "Consectetur adipisicing elit, sed do eiusmod tempor incididunt ut labore et dolore magna aliqua. Ut enim ad minim veniam lorem ipsum dolor sit amet."
		},
		{
			"serviceType" : "New",
			"serviceName" : "Dedicated Experts",
			"serviceCost" : "55",
			"serviceContent" : "Consectetur adipisicing elit, sed do eiusmod tempor incididunt ut lorem ipsum dolor sit amet, labore et dolore magna aliqua. Ut enim ad minim veniam."
		},
		{
			"serviceType" : "New",
			"serviceName" : "Are creative and memorable",
			"serviceCost" : "105",
			"serviceContent" : "labore et dolore magna lorem ipsum dolor sit amet, consectetur adipisicing elit, sed do eiusmod tempor incididunt ut aliqua. Ut enim minim veniam ad."
		},
		{
			"serviceType" : "New",
			"serviceName" : "Are easy to find",
			"serviceCost" : "90",
			"serviceContent" : "Tempor incididunt lorem ipsum dolor sit amet, consectetur adipisicing elit, sed do eiusmod ut magna aliqua. Ut enim ad minim veniam labore et dolore."
		},
		{
			"serviceType" : "New",
			"serviceName" : "Lorem ipsum",
			"serviceCost" : "77",
			"serviceContent" : "Ut labore et lorem ipsum dolor sit amet, consectetur adipisicing elit, sed do eiusmod tempor incididunt dolore magna aliqua. Ut enim ad minim veniam."
		}
	],
	"serviceApps" :  [ 
		{
			"serviceType" : "New",
			"serviceName" : "100% Satisfaction",
			"serviceCost" : "75",
			"serviceContent" : "Sed do eiusmod tempor incididunt ut labore et dolore magna aliqua. lorem ipsum dolor sit amet, consectetur, Ut enim ad minim veniam adipisicing elit."
		},
		{
			"serviceType" : "New",
			"serviceName" : "Safety First",
			"serviceCost" : "80",
			"serviceContent" : "Consectetur adipisicing elit, sed do eiusmod tempor incididunt ut labore et dolore magna aliqua. Ut enim ad minim veniam lorem ipsum dolor sit amet."
		},
		{
			"serviceType" : "New",
			"serviceName" : "Dedicated Experts",
			"serviceCost" : "55",
			"serviceContent" : "Consectetur adipisicing elit, sed do eiusmod tempor incididunt ut lorem ipsum dolor sit amet, labore et dolore magna aliqua. Ut enim ad minim veniam."
		},
		{
			"serviceType" : "New",
			"serviceName" : "Are creative and memorable",
			"serviceCost" : "105",
			"serviceContent" : "labore et dolore magna lorem ipsum dolor sit amet, consectetur adipisicing elit, sed do eiusmod tempor incididunt ut aliqua. Ut enim minim veniam ad."
		},
		{
			"serviceType" : "New",
			"serviceName" : "Are easy to find",
			"serviceCost" : "90",
			"serviceContent" : "Tempor incididunt lorem ipsum dolor sit amet, consectetur adipisicing elit, sed do eiusmod ut magna aliqua. Ut enim ad minim veniam labore et dolore."
		},
		{
			"serviceType" : "New",
			"serviceName" : "Lorem ipsum",
			"serviceCost" : "77",
			"serviceContent" : "Ut labore et lorem ipsum dolor sit amet, consectetur adipisicing elit, sed do eiusmod tempor incididunt dolore magna aliqua. Ut enim ad minim veniam."
		}
	],
	"serviceTechnique" : [ 
		{
			"serviceType" : "New",
			"serviceName" : "100% Satisfaction",
			"serviceCost" : "75",
			"serviceContent" : "Sed do eiusmod tempor incididunt ut labore et dolore magna aliqua. lorem ipsum dolor sit amet, consectetur, Ut enim ad minim veniam adipisicing elit."
		},
		{
			"serviceType" : "New",
			"serviceName" : "Safety First",
			"serviceCost" : "80",
			"serviceContent" : "Consectetur adipisicing elit, sed do eiusmod tempor incididunt ut labore et dolore magna aliqua. Ut enim ad minim veniam lorem ipsum dolor sit amet."
		},
		{
			"serviceType" : "New",
			"serviceName" : "Dedicated Experts",
			"serviceCost" : "55",
			"serviceContent" : "Consectetur adipisicing elit, sed do eiusmod tempor incididunt ut lorem ipsum dolor sit amet, labore et dolore magna aliqua. Ut enim ad minim veniam."
		},
		{
			"serviceType" : "New",
			"serviceName" : "Are creative and memorable",
			"serviceCost" : "105",
			"serviceContent" : "labore et dolore magna lorem ipsum dolor sit amet, consectetur adipisicing elit, sed do eiusmod tempor incididunt ut aliqua. Ut enim minim veniam ad."
		},
		{
			"serviceType" : "New",
			"serviceName" : "Are easy to find",
			"serviceCost" : "90",
			"serviceContent" : "Tempor incididunt lorem ipsum dolor sit amet, consectetur adipisicing elit, sed do eiusmod ut magna aliqua. Ut enim ad minim veniam labore et dolore."
		},
		{
			"serviceType" : "New",
			"serviceName" : "Lorem ipsum",
			"serviceCost" : "77",
			"serviceContent" : "Ut labore et lorem ipsum dolor sit amet, consectetur adipisicing elit, sed do eiusmod tempor incididunt dolore magna aliqua. Ut enim ad minim veniam."
		}
	],
	"serviceTechnology" : [ 
		{
			"serviceType" : "New",
			"serviceName" : "100% Satisfaction",
			"serviceCost" : "75",
			"serviceContent" : "Sed do eiusmod tempor incididunt ut labore et dolore magna aliqua. lorem ipsum dolor sit amet, consectetur, Ut enim ad minim veniam adipisicing elit."
		},
		{
			"serviceType" : "New",
			"serviceName" : "Safety First",
			"serviceCost" : "80",
			"serviceContent" : "Consectetur adipisicing elit, sed do eiusmod tempor incididunt ut labore et dolore magna aliqua. Ut enim ad minim veniam lorem ipsum dolor sit amet."
		},
		{
			"serviceType" : "New",
			"serviceName" : "Dedicated Experts",
			"serviceCost" : "55",
			"serviceContent" : "Consectetur adipisicing elit, sed do eiusmod tempor incididunt ut lorem ipsum dolor sit amet, labore et dolore magna aliqua. Ut enim ad minim veniam."
		},
		{
			"serviceType" : "New",
			"serviceName" : "Are creative and memorable",
			"serviceCost" : "105",
			"serviceContent" : "labore et dolore magna lorem ipsum dolor sit amet, consectetur adipisicing elit, sed do eiusmod tempor incididunt ut aliqua. Ut enim minim veniam ad."
		},
		{
			"serviceType" : "New",
			"serviceName" : "Are easy to find",
			"serviceCost" : "90",
			"serviceContent" : "Tempor incididunt lorem ipsum dolor sit amet, consectetur adipisicing elit, sed do eiusmod ut magna aliqua. Ut enim ad minim veniam labore et dolore."
		},
		{
			"serviceType" : "New",
			"serviceName" : "Lorem ipsum",
			"serviceCost" : "77",
			"serviceContent" : "Ut labore et lorem ipsum dolor sit amet, consectetur adipisicing elit, sed do eiusmod tempor incididunt dolore magna aliqua. Ut enim ad minim veniam."
		}
	]
}