[
   {
      "srno":"01",
   	"ticketCode":"TRC 45651",
      "subject":"Fly Bimen",
      "date": "19 Aug 2017",
      "department":"First Class",
      "status":"Booked",
      "statusColor":"primary"
   },
   {
      "srno":"02",
      "ticketCode":"TRC 45652",
      "subject":"Fly Emeters",
      "date": "22 Mar 2017",
      "department":"Second Class",
      "status":"cancel",
      "statusColor":"warn"
  	},
   {
      "srno":"03",
      "ticketCode":"TRC 45653",
      "subject":"Air India",
      "date": "30 Sep 2017",
      "department":"First Class",
      "status":"Booked",
      "statusColor":"primary"
   },
   {
      "srno":"04",
      "ticketCode":"TRC 45654",
      "subject":"Air India",
      "date": "20 Aug 2017",
      "department":"First Class",
      "status":"Booked",
      "statusColor":"primary"
   },
   {
      "srno":"05",
      "ticketCode":"TRC 45655",
      "subject":"Air India",
      "date": "13 Aug 2018",
      "department":"Second Class",
      "status":"cancel",
      "statusColor":"warn"
   },
   {
      "srno":"06",
      "ticketCode":"TRC 45656",
      "subject":"Air India",
      "date": "22 Aug 2017",
      "department":"First Class",
      "status":"booked",
      "statusColor":"primary"
   }
]
