{
	"courses" : [
		{
			"image" : "assets/img/course1.jpg",
			"type" : "management",
			"popular" : "top",
			"bestseller" : true,
			"videoDemoStatus" : false,
			"demoVideoUrl" : "",
			"name" : "Lorem ipsum dolor sit amet sit amet sit amet",
			"content" : "Joanna Brew",
			"oldPrice" : "900",
			"lastUpdates" : "09/2018",
			"bestSell" : " C++ | Development",
			"lectures" : "483",
			"hours" : "11.5",
			"rating" : "5",
			"level" : "All",
			"disount" : 50,
			"describe" : "Contrary to popular belief, Lorem Ipsum is not simply random text. It has roots in a piece of classical.",
		 	"features" : [
		 		"Lorem ipsum dolor sit amet, consectetur adipiscing elit.",
		 		"Vivamus non ipsum in nisi porttitor suscipit.",
		 		"Aliquam ut dolor in lorem accumsan porta."
		 	]
		},
		{
			"image" : "assets/img/course2.jpg",
			"type" : "management",
			"popular" : "top",
			"bestseller" : true,
			"videoDemoStatus" : true,
			"demoVideoUrl" : "https://www.youtube.com/watch?v=rbTVvpHF4cU",
			"name" : "Lorem ipsum dolor sit amet sit amet sit amet",
			"content" : "John Smith Brown",
			"oldPrice" : "900",
			"disount" : 50,
			"lastUpdates" : "09/2018",
			"bestSell" : " C++ | Development",
			"lectures" : "483",
			"hours" : "11.5",
			"rating" : "5",
			"level" : "All",
			"describe" : "Contrary to popular belief, Lorem Ipsum is not simply random text. It has roots in a piece of classical.",
		 	"features" : [
		 		"Lorem ipsum dolor sit amet, consectetur adipiscing elit.",
		 		"Vivamus non ipsum in nisi porttitor suscipit.",
		 		"Aliquam ut dolor in lorem accumsan porta."
		 	]
		},
		{
			"image" : "assets/img/course3.jpg",
			"type" : "management",
			"popular" : "top",
			"bestseller" : true,
			"videoDemoStatus" : false,
			"demoVideoUrl" : "",
			"name" : "Lorem ipsum dolor sit amet sit amet sit amet",
			"content" : "Joanna Brew",
			"oldPrice" : "900",
			"disount" : 50,
			"lastUpdates" : "09/2018",
			"bestSell" : " C++ | Development",
			"lectures" : "483",
			"hours" : "11.5",
			"rating" : "5",
			"level" : "All",
			"describe" : "Contrary to popular belief, Lorem Ipsum is not simply random text. It has roots in a piece of classical.",
		 	"features" : [
		 		"Lorem ipsum dolor sit amet, consectetur adipiscing elit.",
		 		"Vivamus non ipsum in nisi porttitor suscipit.",
		 		"Aliquam ut dolor in lorem accumsan porta."
		 	]
		},
		{
			"image" : "assets/img/course4.jpg",
			"type" : "management",
			"popular" : "top",
			"bestseller" : true,
			"videoDemoStatus" : false,
			"demoVideoUrl" : "",
			"name" : "Lorem ipsum dolor sit amet sit amet sit amet",
			"content" : "Savanna South",
			"oldPrice" : "900",
			"disount" : 50,
			"lastUpdates" : "09/2018",
			"bestSell" : " C++ | Development",
			"lectures" : "483",
			"hours" : "11.5",
			"rating" : "4",
			"level" : "All",
			"describe" : "Contrary to popular belief, Lorem Ipsum is not simply random text. It has roots in a piece of classical.",
		 	"features" : [
		 		"Lorem ipsum dolor sit amet, consectetur adipiscing elit.",
		 		"Vivamus non ipsum in nisi porttitor suscipit.",
		 		"Aliquam ut dolor in lorem accumsan porta."
		 	]
		},
		{
			"image" : "assets/img/course5.jpg",
			"type" : "management",
			"popular" : "top",
			"bestseller" : true,
			"videoDemoStatus" : true,
			"demoVideoUrl" : "https://www.youtube.com/watch?v=rbTVvpHF4cU",
			"name" : "Lorem ipsum dolor sit amet sit amet sit amet",
			"content" : "Arthur Parker",
			"oldPrice" : "900",
			"disount" : 50,
			"lastUpdates" : "09/2018",
			"bestSell" : " C++ | Development",
			"lectures" : "483",
			"hours" : "11.5",
			"rating" : "4",
			"level" : "All",
			"describe" : "Contrary to popular belief, Lorem Ipsum is not simply random text. It has roots in a piece of classical.",
		 	"features" : [
		 		"Lorem ipsum dolor sit amet, consectetur adipiscing elit.",
		 		"Vivamus non ipsum in nisi porttitor suscipit.",
		 		"Aliquam ut dolor in lorem accumsan porta."
		 	]
		},
		{
			"image" : "assets/img/course3.jpg",
			"type" : "design",
			"popular" : "top",
			"bestseller" : false,
			"videoDemoStatus" : false,
			"demoVideoUrl" : "",
			"name" : "Lorem ipsum dolor sit amet sit amet sit amet",
			"content" : "John Smith Brown",
			"oldPrice" : "900",
			"disount" : 50,
			"lastUpdates" : "09/2018",
			"bestSell" : " C++ | Development",
			"lectures" : "483",
			"hours" : "11.5",
			"rating" : "4",
			"level" : "All",
			"describe" : "Contrary to popular belief, Lorem Ipsum is not simply random text. It has roots in a piece of classical.",
		 	"features" : [
		 		"Lorem ipsum dolor sit amet, consectetur adipiscing elit.",
		 		"Vivamus non ipsum in nisi porttitor suscipit.",
		 		"Aliquam ut dolor in lorem accumsan porta."
		 	]
		},
		{
			"image" : "assets/img/course1.jpg",
			"type" : "design",
			"popular" : "top",
			"bestseller" : false,
			"videoDemoStatus" : false,
			"demoVideoUrl" : "",
			"name" : "Lorem ipsum dolor sit amet sit amet sit amet",
			"content" : "Savanna South",
			"oldPrice" : "900",
			"disount" : 50,
			"lastUpdates" : "09/2018",
			"bestSell" : " C++ | Development",
			"lectures" : "483",
			"hours" : "11.5",
			"rating" : "4",
			"level" : "All",
			"describe" : "Contrary to popular belief, Lorem Ipsum is not simply random text. It has roots in a piece of classical.",
		 	"features" : [
		 		"Lorem ipsum dolor sit amet, consectetur adipiscing elit.",
		 		"Vivamus non ipsum in nisi porttitor suscipit.",
		 		"Aliquam ut dolor in lorem accumsan porta."
		 	]
		},
		{
			"image" : "assets/img/course2.jpg",
			"type" : "design",
			"popular" : "top",
			"bestseller" : false,
			"videoDemoStatus" : true,
			"demoVideoUrl" : "https://www.youtube.com/watch?v=rbTVvpHF4cU",
			"name" : "Lorem ipsum dolor sit amet sit amet sit amet",
			"content" : "Arthur Parker",
			"oldPrice" : "900",
			"disount" : 50,
			"lastUpdates" : "09/2018",
			"bestSell" : " C++ | Development",
			"lectures" : "483",
			"rating" : "4",
			"hours" : "11.5",
			"level" : "All",
			"describe" : "Contrary to popular belief, Lorem Ipsum is not simply random text. It has roots in a piece of classical.",
		 	"features" : [
		 		"Lorem ipsum dolor sit amet, consectetur adipiscing elit.",
		 		"Vivamus non ipsum in nisi porttitor suscipit.",
		 		"Aliquam ut dolor in lorem accumsan porta."
		 	]
		},
		{
			"image" : "assets/img/course5.jpg",
			"type" : "develop",
			"popular" : "top",
			"bestseller" : false,
			"videoDemoStatus" : false,
			"demoVideoUrl" : "",
			"name" : "Lorem ipsum dolor sit amet sit amet sit amet",
			"content" : "Savanna South",
			"oldPrice" : "900",
			"disount" : 50,
			"lastUpdates" : "09/2018",
			"bestSell" : " C++ | Development",
			"lectures" : "483",
			"rating" : "4",
			"hours" : "11.5",
			"level" : "All",
			"describe" : "Contrary to popular belief, Lorem Ipsum is not simply random text. It has roots in a piece of classical.",
		 	"features" : [
		 		"Lorem ipsum dolor sit amet, consectetur adipiscing elit.",
		 		"Vivamus non ipsum in nisi porttitor suscipit.",
		 		"Aliquam ut dolor in lorem accumsan porta."
		 	]
		},
		{
			"image" : "assets/img/course4.jpg",
			"type" : "develop",
			"popular" : "top",
			"bestseller" : false,
			"videoDemoStatus" : true,
			"demoVideoUrl" : "https://www.youtube.com/watch?v=rbTVvpHF4cU",
			"name" : "Lorem ipsum dolor sit amet sit amet sit amet",
			"content" : "Arthur Parker",
			"oldPrice" : "900",
			"disount" : 50,
			"lastUpdates" : "09/2018",
			"bestSell" : " C++ | Development",
			"lectures" : "483",
			"hours" : "11.5",
			"rating" : "4",
			"level" : "All",
			"describe" : "Contrary to popular belief, Lorem Ipsum is not simply random text. It has roots in a piece of classical.",
		 	"features" : [
		 		"Lorem ipsum dolor sit amet, consectetur adipiscing elit.",
		 		"Vivamus non ipsum in nisi porttitor suscipit.",
		 		"Aliquam ut dolor in lorem accumsan porta."
		 	]
		},
		{
			"image" : "assets/img/course5.jpg",
			"popular" : "top",
			"bestseller" : false,
			"videoDemoStatus" : false,
			"demoVideoUrl" : "https://www.youtube.com/watch?v=rbTVvpHF4cU",
			"name" : "Lorem ipsum dolor sit amet sit amet sit amet",
			"content" : "Joanna Brew",
			"oldPrice" : "900",
			"disount" : 50,
			"lastUpdates" : "09/2018",
			"bestSell" : " C++ | Development",
			"lectures" : "483",
			"hours" : "11.5",
			"rating" : "4",
			"level" : "All",
			"describe" : "Contrary to popular belief, Lorem Ipsum is not simply random text. It has roots in a piece of classical.",
		 	"features" : [
		 		"Lorem ipsum dolor sit amet, consectetur adipiscing elit.",
		 		"Vivamus non ipsum in nisi porttitor suscipit.",
		 		"Aliquam ut dolor in lorem accumsan porta."
		 	]
		},
		{
			"image" : "assets/img/course3.jpg",
			"popular" : "top",
			"bestseller" : false,
			"videoDemoStatus" : false,
			"demoVideoUrl" : "",
			"name" : "Lorem ipsum dolor sit amet sit amet sit amet",
			"content" : "John Smith Brown,Savanna South",
			"oldPrice" : "900",
			"disount" : 50,
			"lastUpdates" : "09/2018",
			"bestSell" : " C++ | Development",
			"lectures" : "483",
			"hours" : "11.5",
			"rating" : "4",
			"level" : "All",
			"describe" : "Contrary to popular belief, Lorem Ipsum is not simply random text. It has roots in a piece of classical.",
		 	"features" : [
		 		"Lorem ipsum dolor sit amet, consectetur adipiscing elit.",
		 		"Vivamus non ipsum in nisi porttitor suscipit.",
		 		"Aliquam ut dolor in lorem accumsan porta."
		 	]
		},
			{
			"image" : "assets/img/course1.jpg",
			"popular" : "top",
			"bestseller" : false,
			"videoDemoStatus" : true,
			"demoVideoUrl" : "https://www.youtube.com/watch?v=rbTVvpHF4cU",
			"name" : "Lorem ipsum dolor sit amet sit amet sit amet",
			"content" : "Savanna South",
			"oldPrice" : "900",
			"disount" : 50,
			"lastUpdates" : "09/2018",
			"bestSell" : " C++ | Development",
			"lectures" : "483",
			"hours" : "11.5",
			"rating" : "4",
			"level" : "All",
			"describe" : "Contrary to popular belief, Lorem Ipsum is not simply random text. It has roots in a piece of classical.",
		 	"features" : [
		 		"Lorem ipsum dolor sit amet, consectetur adipiscing elit.",
		 		"Vivamus non ipsum in nisi porttitor suscipit.",
		 		"Aliquam ut dolor in lorem accumsan porta."
		 	]
		},
		{
			"image" : "assets/img/course4.jpg",
			"popular" : "new",
			"bestseller" : false,
			"videoDemoStatus" : false,
			"demoVideoUrl" : "",
			"name" : "Lorem ipsum dolor sit amet sit amet sit amet",
			"content" : "Arthur Parker",
			"oldPrice" : "900",
			"disount" : 50,
			"lastUpdates" : "09/2018",
			"bestSell" : " C++ | Development",
			"lectures" : "483",
			"hours" : "11.5",
			"rating" : "4",
			"level" : "All",
			"describe" : "Contrary to popular belief, Lorem Ipsum is not simply random text. It has roots in a piece of classical.",
		 	"features" : [
		 		"Lorem ipsum dolor sit amet, consectetur adipiscing elit.",
		 		"Vivamus non ipsum in nisi porttitor suscipit.",
		 		"Aliquam ut dolor in lorem accumsan porta."
		 	]
		},
			{
			"image" : "assets/img/course5.jpg",
			"popular" : "new",
			"bestseller" : false,
			"videoDemoStatus" : false,
			"demoVideoUrl" : "",
			"name" : "Lorem ipsum dolor sit amet sit amet sit amet",
			"content" : "John Smith Brown",
			"oldPrice" : "900",
			"disount" : 50,
			"lastUpdates" : "09/2018",
			"bestSell" : " C++ | Development",
			"lectures" : "483",
			"hours" : "11.5",
			"rating" : "4",
			"level" : "All",
			"describe" : "Contrary to popular belief, Lorem Ipsum is not simply random text. It has roots in a piece of classical.",
		 	"features" : [
		 		"Lorem ipsum dolor sit amet, consectetur adipiscing elit.",
		 		"Vivamus non ipsum in nisi porttitor suscipit.",
		 		"Aliquam ut dolor in lorem accumsan porta."
		 	]
		},
		{
			"image" : "assets/img/course2.jpg",
			"popular" : "trending",
			"bestseller" : false,
			"videoDemoStatus" : false,
			"demoVideoUrl" : "",
			"name" : "Lorem ipsum dolor sit amet sit amet sit amet",
			"content" : "Savanna South",
			"oldPrice" : "900",
			"disount" : 50,
			"lastUpdates" : "09/2018",
			"bestSell" : " C++ | Development",
			"lectures" : "483",
			"hours" : "11.5",
			"rating" : "4",
			"level" : "All",
			"describe" : "Contrary to popular belief, Lorem Ipsum is not simply random text. It has roots in a piece of classical.",
		 	"features" : [
		 		"Lorem ipsum dolor sit amet, consectetur adipiscing elit.",
		 		"Vivamus non ipsum in nisi porttitor suscipit.",
		 		"Aliquam ut dolor in lorem accumsan porta."
		 	]
		},
		{
			"image" : "assets/img/course3.jpg",
			"popular" : "trending",
			"bestseller" : false,
			"videoDemoStatus" : true,
			"demoVideoUrl" : "https://www.youtube.com/watch?v=rbTVvpHF4cU",
			"name" : "Lorem ipsum dolor sit amet sit amet sit amet",
			"content" : "Arthur Parker",
			"oldPrice" : "900",
			"disount" : 50,
			"lastUpdates" : "09/2018",
			"bestSell" : " C++ | Development",
			"lectures" : "483",
			"hours" : "11.5",
			"rating" : "4",
			"level" : "All",
			"describe" : "Contrary to popular belief, Lorem Ipsum is not simply random text. It has roots in a piece of classical.",
		 	"features" : [
		 		"Lorem ipsum dolor sit amet, consectetur adipiscing elit.",
		 		"Vivamus non ipsum in nisi porttitor suscipit.",
		 		"Aliquam ut dolor in lorem accumsan porta."
		 	]
		},
		{
			"image" : "assets/img/course4.jpg",
			"popular" : "trending",
			"bestseller" : false,
			"videoDemoStatus" : true,
			"demoVideoUrl" : "https://www.youtube.com/watch?v=rbTVvpHF4cU",
			"name" : "Lorem ipsum dolor sit amet sit amet sit amet",
			"content" : "Joanna Brew",
			"oldPrice" : "900",
			"disount" : 50,
			"lastUpdates" : "09/2018",
			"bestSell" : " C++ | Development",
			"lectures" : "483",
			"hours" : "11.5",
			"rating" : "4",
			"level" : "All",
			"describe" : "Contrary to popular belief, Lorem Ipsum is not simply random text. It has roots in a piece of classical.",
		 	"features" : [
		 		"Lorem ipsum dolor sit amet, consectetur adipiscing elit.",
		 		"Vivamus non ipsum in nisi porttitor suscipit.",
		 		"Aliquam ut dolor in lorem accumsan porta."
		 	]
		}
	],
	
	"instructors" : [
		{
			"image" : "assets/img/user-1.jpg",
			"profile" : "C++",
			"place" : "Iron Network",
			"name" : "John Smith Brown",
			"courses" : "5",
			"number" : "36247",
			"type" : "students"
		},
		{
			"image" : "assets/img/user-2.jpg",
			"profile" : "Marketing",
			"place" : "Iron Network",
			"name" : "Jonathan Red",
			"courses" : "11",
			"number" : "7464",
			"type" : "students"
		},
		{
			"image" : "assets/img/user-3.jpg",
			"profile" : "Designer",
			"place" : "Iron Network",
			"name" : "Arthur Parker",
			"courses" : "3",
			"number" : "36",
			"type" : "students"
		},
		{
			"image" : "assets/img/user-4.jpg",
			"profile" : "Python",
			"place" : "Iron Network",
			"name" : "Joanna Brew",
			"courses" : "15",
			"number" : "150",
			"type" : "students"
		},
		{
			"image" : "assets/img/user-5.jpg",
			"profile" : "Angular",
			"place" : "Iron Network",
			"name" : "Savanna South",
			"courses" : "19",
			"number" : "45793",
			"type" : "students"
		}
	],

	"courseDetail" : {
		"heading" : "Quisque hendrerit ex quis dui eleifend, dapibus vehicula lacus semper.",
		"content" : "It is a long established fact that a reader will be distracted by the readable content of a page when looking at its layout.",
		"bestSeller" : "2367532",
		"createdBy" : "Sahil Goyal, Girija Bansal by James Brown",
		"lastUpdates" : "11/2018",
		"language" : "English",
		"demoVideoUrl" : "https://www.youtube.com/watch?v=rbTVvpHF4cU",
		"learn" : [
			"Lorem ipsum dolor sit amet, consectetur adipiscing elit.",
			"Vestibulum at mauris semper, tristique nulla et, tristique nulla.",
			"Proin sit amet ex in quam vehicula maximus sit amet vel mauris.",
			"Proin sit amet ex in quam vehicula maximus sit amet vel mauris",
			"Quisque hendrerit ex quis dui eleifend, dapibus vehicula lacus semper.",
			"Fusce ut libero consectetur, aliquet velit sed, hendrerit sem.",
			"Maecenas eget urna sagittis, efficitur arcu posuere, pellentesque metus",
			"Donec sit amet nisi ac tellus mattis venenatis volutpat sit amet mi"
		],
		"description" : {
			"title" : "Integer pharetra mi eu libero convallis ultricies",
			"content" : "Lorem Ipsum is simply dummy text of the printing and typesetting industry. Lorem Ipsum has been the industry's standard dummy text ever since the 1500s, when an unknown printer took a galley of type and scrambled it to make a type specimen book. It has survived not only five centuries, but also the leap into electronic typesetting, remaining essentially unchanged. It was popularised in the 1960s with the release of Letraset sheets containing Lorem Ipsum passages, and more recently with desktop publishing software like Aldus PageMaker including versions of Lorem Ipsum.",
			"features" : [
				"Lorem ipsum dolor sit amet, consectetur adipiscing elit.",
				"Donec auctor sapien eget sem blandit pharetra.",
				"In sed tellus congue, rhoncus mi quis, iaculis magna.",
				"Vestibulum at mauris semper, tristique nulla et, tristique nulla.",
				"Vestibulum at mauris semper, tristique nulla et, tristique nulla."
			]
		},
		"topics" : [
			{
				"name": "Course Overview",
				"courseDetail" : [
					{
						"demoVideoUrl" : "https://www.youtube.com/watch?v=rbTVvpHF4cU",
						"name" : "Introduction",
						"time" : "11.4"
					},
					{
						"demoVideoUrl" : "https://www.youtube.com/watch?v=rbTVvpHF4cU",
						"name" : "Applications",
						"time" : "11.4"
					},
					{
						"demoVideoUrl" : "https://www.youtube.com/watch?v=rbTVvpHF4cU",
						"name" : "Installing",
						"time" : "11.4"
					}
				]
			},
			{
				"name": "Basic Programming",
				"courseDetail" : [
					{
						"demoVideoUrl" : "https://www.youtube.com/watch?v=rbTVvpHF4cU",
						"name" : "Welcome to Section 2",
						"time" : "3.24"
					},
					{
						"demoVideoUrl" : "https://www.youtube.com/watch?v=rbTVvpHF4cU",
						"name" : "Basics",
						"time" : "7.14"
					},
					{
						"demoVideoUrl" : "https://www.youtube.com/watch?v=rbTVvpHF4cU",
						"name" : "Solo Practice",
						"time" : "5.72"
					}
				]
			},
			{
				"name": "Advance Topics",
				"courseDetail" : [
					{
						"demoVideoUrl" : "https://www.youtube.com/watch?v=rbTVvpHF4cU",
						"name" : "Advance Programming",
						"time" : "10.66"
					},
					{
						"demoVideoUrl" : "https://www.youtube.com/watch?v=rbTVvpHF4cU",
						"name" : "Difference between Topics",
						"time" : "11.4"
					},
					{
						"demoVideoUrl" : "https://www.youtube.com/watch?v=rbTVvpHF4cU",
						"name" : "Wrap Up",
						"time" : "7.72"
					}
				]
			}
		],
		"instructorInformation" : {
			"image" : "assets/img/user-1.jpg",
			"name" : "James Colt",
			"features" : [
				{
					"icon" : "video_library",
					"feature" : "Lorem ipsum dolor sit amet."
				},
				{
					"icon" : "book",
					"feature" : "Fusce ut libero consectetur."
				},
				{
					"icon" : "code",
					"feature" : "Proin sit amet ex in quam."
				},
				{
					"icon" : "phone_iphone",
					"feature" : "Donec sit amet nisi ac."
				}
			],
			"content" : "Lorem ipsum dolor sit amet, consectetur adipiscing elit.Lorem ipsum dolor sit amet, consectetur adipiscing elit.Lorem ipsum dolor sit amet, consectetur adipiscing elit.Lorem ipsum dolor sit amet, consectetur adipiscing elit."
		},
		"billingDetails" : {
			"totalPrice" : 1000,
			"discountPercent" : 94,
			"discountTime" : "2 Day",
			"guarntee" : "30",
			"includes" : [
				{
					"icon" : "video_library",
					"feature" : "Lorem ipsum dolor sit amet."
				},
				{
					"icon" : "book",
					"feature" : "Fusce ut libero consectetur."
				},
				{
					"icon" : "code",
					"feature" : "Proin sit amet ex in quam."
				},
				{
					"icon" : "phone_iphone",
					"feature" : "Donec sit amet nisi ac."
				}
			]
		},
		"moreCourses" : [
			{
				"image" : "assets/img/course1.jpg",
				"bestseller" : true,
				"videoDemoStatus" : false,
				"demoVideoUrl" : "",
				"name" : "Lorem ipsum dolor sit amet sit amet sit amet",
				"content" : "Lorem ipsum",
				"oldPrice" : "900",
				"rating" : "5",
				"disount" : 50
			},
			{
				"image" : "assets/img/course2.jpg",
				"bestseller" : true,
				"videoDemoStatus" : false,
				"demoVideoUrl" : "",
				"name" : "Lorem ipsum dolor sit amet sit amet sit amet",
				"content" : "Lorem ipsum",
				"oldPrice" : "900",
				"disount" : 50,
				"rating" : "5"
			},
			{
				"image" : "assets/img/course3.jpg",
				"bestseller" : true,
				"videoDemoStatus" : true,
				"demoVideoUrl" : "https://www.youtube.com/watch?v=rbTVvpHF4cU",
				"name" : "Lorem ipsum dolor sit amet sit amet sit amet",
				"content" : "Lorem ipsum",
				"oldPrice" : "900",
				"disount" : 50,
				"rating" : "5"
			}
		]
	}
}