[
	{
		"card_color" : "primary-bg",
		"icon" : "fa-user-plus",
		"title" : "Visitors",
		"viewer" : "+ 41",
		"trade" : "30",
      "chartLabel" : ["0","1","2","3","4"],
      "chartColors": [
         {
            "fill": false,
            "lineTension": 0,
            "fillOpacity": 0.3,
            "pointHoverBorderWidth": 4,
            "borderWidth":4,
            "pointHoverRadius": 7,
            "pointBorderWidth": 3,
            "pointRadius": 6,
            "backgroundColor": "#FFFFFF",
            "borderColor": "#FFFFFF",
            "pointBackgroundColor": "#FFFFFF",
            "pointBorderColor":"#FFFFFF",
            "pointHoverBackgroundColor": "#FFFFFF",
            "pointHoverBorderColor": "#FFFFFF"
         }
      ],
      "chartData" : [
         {"data": [30, 5, 26,10,30],"label":"Visitors"}
      ]
	},
	{
		"card_color" : "success-bg",
		"icon" : "fa-money",
		"title" : "Revenue",
		"viewer" : "+ 4381",
		"trade" : "60",
      "chartLabel" : ["0","1","2","3","4"],
      "chartColors": [
         {
            "fill": false,
            "lineTension": 0,
            "fillOpacity": 0.3,
            "pointHoverBorderWidth": 4,
            "borderWidth":4,
            "pointHoverRadius": 7,
            "pointBorderWidth": 3,
            "pointRadius": 6,
            "backgroundColor": "#FFFFFF",
            "borderColor": "#FFFFFF",
            "pointBackgroundColor": "#FFFFFF",
            "pointBorderColor":"#FFFFFF",
            "pointHoverBackgroundColor": "#FFFFFF",
            "pointHoverBorderColor": "#FFFFFF"
         }
      ],
      "chartData" : [
         {"data":  [1, 26, 8,22,1],"label":"Revenue"}
      ]
	},
	{
		"card_color" : "accent-bg",
		"icon" : "fa-shopping-cart",
		"title" : "Sales",
		"viewer" : "+ 2611",
		"trade" : "80",
      "chartLabel" : ["0","1","2","3","4"],
      "chartColors": [
         {
            "fill": false,
            "lineTension": 0,
            "fillOpacity": 0.3,
            "pointHoverBorderWidth": 4,
            "borderWidth":4,
            "pointHoverRadius": 7,
            "pointBorderWidth": 3,
            "pointRadius": 6,
            "backgroundColor": "#FFFFFF",
            "borderColor": "#FFFFFF",
            "pointBackgroundColor": "#FFFFFF",
            "pointBorderColor":"#FFFFFF",
            "pointHoverBackgroundColor": "#FFFFFF",
            "pointHoverBorderColor": "#FFFFFF"
         }
      ],
      "chartData" : [
         {"data": [30, 5, 26,10,30],"label":"Sales"}
      ]
	},
	{
		"card_color" : "warn-bg",
		"icon" : "fa-handshake-o",
		"title" : "Deals",
		"viewer" : "+ 611",
		"trade" : "40",
      "chartLabel" : ["0","1","2","3","4"],
      "chartColors": [
         {
            "fill": false,
            "lineTension": 0,
            "fillOpacity": 0.3,
            "pointHoverBorderWidth": 4,
            "borderWidth":4,
            "pointHoverRadius": 7,
            "pointBorderWidth": 3,
            "pointRadius": 6,
            "backgroundColor": "#FFFFFF",
            "borderColor": "#FFFFFF",
            "pointBackgroundColor": "#FFFFFF",
            "pointBorderColor":"#FFFFFF",
            "pointHoverBackgroundColor": "#FFFFFF",
            "pointHoverBorderColor": "#FFFFFF"
         }
      ],
      "chartData" : [
         {"data": [1, 26, 8,22,1],"label":"Deals"}
      ]
	}
]   
