[
   {
      "id":"#inv001",
   	"firstName" :"Steven",
      "lastName" :"Gonz",
      "accountTypeColor":"primary",
      "accountType":"Paid",
      "dateCreated":"13 Aug 2017",
      "dueDate":"4 Jan 2018",
      "amount":"$1000"
   },
   {
      "id":"#inv002",
      "firstName" :"Joseph",
      "lastName" :"Good",
      "accountType":"partially paid",
      "accountTypeColor":"accent",
      "dateCreated":"22 Aug 2017",
      "dueDate":"28 Feb 2018",
      "amount":"$2500"
  	},
   {
      "id":"#inv003",
      "firstName" :"Mario",
      "lastName" :"Harmon",
		"accountType":"paid",
      "accountTypeColor":"primary",
      "dateCreated":"13 Aug 2017",
      "dueDate":"10 Mar 2018",
      "amount":"$500"
   },
   {
      "id":"#inv004",
      "firstName" :"Aleta",
      "lastName" :"Good",
		"accountType":"unpaid",
      "accountTypeColor":"warn",
      "dateCreated":"22 Aug 2017",
      "dueDate":"23 Aug 2018",
      "amount":"$700"
   },
   {
      "id":"#inv005", 
      "firstName" :"Floren",
      "lastName" :"Smith",
      "accountType":"partially paid",
      "accountTypeColor":"accent",
      "dateCreated":"13 Aug 2018",
      "dueDate":"25 June 2018",
      "amount":"$1090"
   },
   {
      "id":"#inv006",
      "firstName" :"Helen",
      "lastName" :"Moron",
      "accountType":"unpaid",
      "accountTypeColor":"warn",
      "dateCreated":"22 Aug 2017",
      "dueDate":"29 Nov 2018",
      "amount":"$1900"
   }
]