[
   {
      "payid":"#pay001",
   	"firstName" :"Leonard",
      "lastName" :"Gonz",
      "paymentType":"Paypal",
      "paymentTypeColor":"primary",
      "paidDate": "19 Aug 2017",
      "amount":"$2000"
   },
   {
      "payid":"#pay002",
      "firstName" :"Agnes",
      "lastName" :"Good",
      "paymentType":"Paytm",
      "paymentTypeColor":"accent",
      "paidDate": "22 Mar 2017",
      "amount":"$500"
  	},
   {
      "payid":"#pay003",
      "firstName" :"Bonnie",
      "lastName" :"Harmon",
      "paymentType":"Debit Card",
      "paymentTypeColor":"primary",
      "paidDate": "30 Sep 2017",
      "amount":"$1500"
   },
   {
      "payid":"#pay004",
      "firstName" :"Virgil",
      "lastName" :"Good",
      "paymentType":"Credit Card",
      "paymentTypeColor":"accent",
      "paidDate": "20 Aug 2017",
      "amount":"$1700"
   },
   {
      "payid":"#pay005", 
      "firstName" :"Kevin",
      "lastName" :"Smith",
      "paymentType":"paypal",
      "paymentTypeColor":"primary",
      "paidDate": "13 Aug 2018",
      "amount":"$1290"
   },
   {
      "payid":"#pay006",
      "firstName" :"Alice",
      "lastName" :"Moron",
      "paymentType":"Phone pe",
      "paymentTypeColor":"warn",
      "paidDate": "22 Aug 2017",
      "amount":"$1500"
   }
]
