[  
   {  
      "currencyIcon":"BTC-alt",
      "statusClass":"success-text",
      "status":"Buy",
      "price":16245.79,
      "total":16245.79
   },
   {  
      "currencyIcon":"ETC",
      "statusClass":"warn-text",
      "status":"Sell",
      "price":43224.06,
      "total":16245.79
   },
   {  
      "currencyIcon":"BTC-alt",
      "statusClass":"success-text",
      "status":"Buy",
      "price":61213.941,
      "total":16245.79
   },
   {  
      "currencyIcon":"ETC",
      "statusClass":"warn-text",
      "status":"Sell",
      "price":9313.0122,
      "total":16245.79
   },
   {  
      "currencyIcon":"LTC",
      "statusClass":"warn-text",
      "status":"Sell",
      "price":10243.11,
      "total":16245.79
   },
   {  
      "currencyIcon":"BTC-alt",
      "statusClass":"success-text",
      "status":"Buy",
      "price":123872.07,
      "total":16245.79
   },
   {  
      "currencyIcon":"LTC",
      "statusClass":"warn-text",
      "status":"Sell",
      "price":10243.11,
      "total":16245.79
   },
   {  
      "currencyIcon":"ETC",
      "statusClass":"warn-text",
      "status":"Sell",
      "price":43224.06,
      "total":16245.79
   },
   {  
      "currencyIcon":"BTC-alt",
      "statusClass":"success-text",
      "status":"Buy",
      "price":61213.941,
      "total":16245.79
   }
]