[  
   {  
      "image":"assets/img/user-1.jpg",
      "name":"Alberto Decosta",
      "status":"Schedules",
      "user_name":"Arnav",
      "date_joined":"Jan 16, 2016",
      "user_id":"012 345 6978",
      "rating":[  
         "fa fa-star",
         "fa fa-star",
         "fa fa-star",
         "fa fa-star",
         "fa fa-star-half-o"
      ],
      "action":[  
         "fa fa-edit mr-1",
         "fa fa-times text-danger"
      ]
   },
   {  
      "image":"assets/img/user-2.jpg",
      "name":"Jainne Frost",
      "status":"Free",
      "user_name":"Loreaum",
      "date_joined":"Oct 1, 2016",
      "user_id":"012 345 6980",
      "rating":[  
         "fa fa-star",
         "fa fa-star",
         "fa fa-star",
         "fa fa-star",
         "fa fa-star-half-o"
      ],
      "action":[  
         "fa fa-edit mr-1",
         "fa fa-times text-danger"
      ]
   },
   {  
      "image":"assets/img/user-3.jpg",
      "name":"Vic Phill",
      "status":"Schedules",
      "user_name":"Liza",
      "date_joined":"Feb 23, 2016",
      "user_id":"012 345 6990",
      "rating":[  
         "fa fa-star",
         "fa fa-star",
         "fa fa-star",
         "fa fa-star",
         "fa fa-star-half-o"
      ],
      "action":[  
         "fa fa-edit mr-1",
         "fa fa-times text-danger"
      ]
   },
   {  
      "image":"assets/img/user-4.jpg",
      "name":"Venna Mercy",
      "status":"Schedules",
      "user_name":"Anamika",
      "date_joined":"May 08, 2016",
      "user_id":"012 345 6979",
      "rating":[  
         "fa fa-star",
         "fa fa-star",
         "fa fa-star",
         "fa fa-star",
         "fa fa-star-half-o"
      ],
      "action":[  
         "fa fa-edit mr-1",
         "fa fa-times text-danger"
      ]
   },
   {  
      "image":"assets/img/user-5.jpg",
      "name":"Rose Golddust",
      "status":"Free",
      "user_name":"Arfo",
      "user_id":"012 343 6978",
      "date_joined":"June 16, 2016",
      "rating":[  
         "fa fa-star",
         "fa fa-star",
         "fa fa-star",
         "fa fa-star",
         "fa fa-star-half-o"
      ],
      "action":[  
         "fa fa-edit mr-1",
         "fa fa-times text-danger"
      ]
   },
   {  
      "image":"assets/img/user-6.jpg",
      "name":"Dusty Raims",
      "status":"Schedules",
      "user_name":"Angela",
      "date_joined":"Aug 2, 2016",
      "user_id":"012 345 6938",
      "rating":[  
         "fa fa-star",
         "fa fa-star",
         "fa fa-star",
         "fa fa-star",
         "fa fa-star-half-o"
      ],
      "action":[  
         "fa fa-edit mr-1",
         "fa fa-times text-danger"
      ]
   }
]