{
   "expenseCategory": [{
         "itmNo": "#itm001",
         "date": "19 Aug 2018",
         "type": "Hotel",
         "typeColor": "primary",
         "description": "Hotel charges",
         "amount": "$2000",
         "statusColor": "primary",
         "status": "paid"
      },
      {
         "itmNo": "#itm002",
         "date": "22 Mar 2018",
         "type": "Meal",
         "typeColor": "accent",
         "description": "food delivery charges",
         "amount": "$500",
         "statusColor": "primary",
         "status": "paid"
      },
      {
         "itmNo": "#itm003",
         "date": "30 Sep 2018",
         "type": "car rental",
         "typeColor": "primary",
         "description": "car service bill",
         "amount": "$1500",
         "statusColor": "warn",
         "status": "not paid"
      },
      {
         "itmNo": "#itm004",
         "date": "20 Aug 2018",
         "type": "Health",
         "typeColor": "accent",
         "description": "Hospital bill",
         "amount": "$1700",
         "statusColor": "primary",
         "status": "paid"
      },
      {
         "itmNo": "#itm005",
         "date": "13 Jan 2018",
         "type": "accommodation",
         "typeColor": "primary",
         "description": "House rent",
         "amount": "$1290",
         "statusColor": "warn",
         "status": "Not paid"
      },
      {
         "itmNo": "#itm006",
         "date": "24 Mar 2018",
         "type": "Meal",
         "typeColor": "accent",
         "description": "food delivery charges",
         "amount": "$500",
         "statusColor": "primary",
         "status": "paid"
      },
      {
         "itmNo": "#itm007",
         "date": "30 Jan 2019",
         "type": "accommodation",
         "typeColor": "primary",
         "description": "House rent",
         "amount": "$1290",
         "statusColor": "warn",
         "status": "Not paid"
      }
   ],
   "transactionList": [{
         "transid": "#trn001",
         "date": "19 Aug 2018",
         "account": "Citibank",
         "type": "Saving",
         "typeColor": "primary",
         "amount": "$2000",
         "debit": "$1,807.00",
         "credit": "$0.00",
         "balance": "$0.00"
      },
      {
         "transid": "#trn002",
         "date": "22 Mar 2018",
         "account": "Standard Chartered Bank",
         "type": "Income",
         "typeColor": "accent",
         "amount": "$500",
         "debit": "$1,307.00",
         "credit": "$0.00",
         "balance": "$0.00"
      },
      {
         "transid": "#trn003",
         "date": "30 Sep 2018",
         "account": "HSBC Bank",
         "type": "Expense",
         "typeColor": "warn",
         "amount": "$1500",
         "debit": "$2,307.00",
         "credit": "$0.00",
         "balance": "$0.00"
      },
      {
         "transid": "#trn004",
         "date": "20 Aug 2018",
         "account": "Deutsche Bank",
         "type": "Income",
         "typeColor": "accent",
         "amount": "$1700",
         "debit": "$3,307.00",
         "credit": "$0.00",
         "balance": "$0.00"
      },
      {
         "transid": "#trn005",
         "date": "13 Jan 2018",
         "account": "Bank of Scotland",
         "type": "Saving",
         "typeColor": "primary",
         "amount": "$1290",
         "debit": "$1,000.00",
         "credit": "$0.00",
         "balance": "$0.00"
      },
      {
         "transid": "#trn006",
         "date": "13 Jan 2018",
         "account": "Barclays Bank",
         "type": "Income",
         "typeColor": "accent",
         "amount": "$1290",
         "debit": "$1,500.00",
         "credit": "$0.00",
         "balance": "$0.00"
      },
      {
         "transid": "#trn007",
         "date": "13 Jan 2018",
         "account": "The Bank of America",
         "type": "Expense",
         "typeColor": "warn",
         "amount": "$1290",
         "debit": "$1,709.00",
         "credit": "$0.00",
         "balance": "$0.00"
      }
   ],
   "transferreport": [{
         "transid": "#trn001",
         "date": "19 Aug 2018",
         "account": "Citibank",
         "type": "Saving",
         "typeColor": "primary",
         "amount": "$2000",
         "balance": "$1,807.00",
         "statusColor": "primary",
         "status": "Send"
      },
      {
         "transid": "#trn002",
         "date": "22 Mar 2018",
         "account": "Standard Chartered Bank",
         "type": "Income",
         "typeColor": "accent",
         "amount": "$500",
         "balance": "$1,807.00",
         "statusColor": "warn",
         "status": "Not Send"
      },
      {
         "transid": "#trn003",
         "date": "30 Sep 2018",
         "account": "HSBC Bank",
         "type": "Expense",
         "typeColor": "warn",
         "amount": "$1500",
         "balance": "$1,807.00",
         "statusColor": "primary",
         "status": "Send"
      },
      {
         "transid": "#trn004",
         "date": "20 Aug 2018",
         "account": "Deutsche Bank",
         "type": "Income",
         "typeColor": "accent",
         "amount": "$1700",
         "balance": "$1,807.00",
         "statusColor": "primary",
         "status": "Send"
      },
      {
         "transid": "#trn005",
         "date": "13 Jan 2018",
         "account": "Bank of Scotland",
         "type": "Saving",
         "typeColor": "primary",
         "amount": "$1290",
         "balance": "$1,807.00",
         "statusColor": "warn",
         "status": "Not Send"
      },
      {
         "transid": "#trn006",
         "date": "13 Jan 2018",
         "account": "Barclays Bank",
         "type": "Income",
         "typeColor": "accent",
         "amount": "$1290",
         "balance": "$1,807.00",
         "statusColor": "primary",
         "status": "Send"
      },
      {
         "transid": "#trn007",
         "date": "13 Jan 2018",
         "account": "The Bank of America",
         "type": "Expense",
         "typeColor": "warn",
         "amount": "$1290",
         "balance": "$1,807.00",
         "statusColor": "warn",
         "status": "Not Send"
      }
   ]
}