[  
   {  
      "currencyIcon":"BTC-alt",
      "statusClass":"success-text",
      "status":"Buy",
      "price":16245.79,
      "total":16245.79,
      "txnno":76237523,
      "date":"21/3/102",
      "from":"Ico_Tha",
      "more":"info",
      "payment_currency":"Bitcoin"
   },
   {  
      "currencyIcon":"ETC",
      "statusClass":"warn-text",
      "status":"Sell",
      "price":43224.06,
      "total":16245.79,
      "txnno":76237523,
      "date":"21/3/102",
      "from":"Ico_Tha",
      "more":"info",
      "payment_currency":"Ethereum"
   },
   {  
      "currencyIcon":"BTC-alt",
      "statusClass":"success-text",
      "status":"Buy",
      "price":61213.941,
      "total":16245.79,
      "txnno":76237523,
      "date":"21/3/102",
      "from":"Ico_Tha",
      "more":"info",
      "payment_currency":"Bitcoin"
   },
   {  
      "currencyIcon":"ETC",
      "statusClass":"warn-text",
      "status":"Sell",
      "price":9313.0122,
      "total":16245.79,
      "txnno":76237523,
      "date":"21/3/102",
      "from":"Ico_Tha",
      "more":"info",
      "payment_currency":"Ethereum"
   },
   {  
      "currencyIcon":"LTC",
      "statusClass":"warn-text",
      "status":"Sell",
      "price":10243.11,
      "total":16245.79,
      "txnno":76237523,
      "date":"21/3/102",
      "from":"Ico_Tha",
      "more":"info",
      "payment_currency":"Litecoin"
   },
   {  
      "currencyIcon":"BTC-alt",
      "statusClass":"success-text",
      "status":"Buy",
      "price":123872.07,
      "total":16245.79,
      "txnno":76237523,
      "date":"21/3/102",
      "from":"Ico_Tha",
      "more":"info",
      "payment_currency":"Bitcoin"
   },
   {  
      "currencyIcon":"ETC",
      "statusClass":"success-text",
      "status":"Buy",
      "price":123872.07,
      "total":16245.79,
      "txnno":76237523,
      "date":"21/3/102",
      "from":"Ico_Tha",
      "more":"info",
      "payment_currency":"Ethereum"
   },
   {  
      "currencyIcon":"ZEC-alt",
      "statusClass":"success-text",
      "status":"Buy",
      "price":123872.07,
      "total":16245.79,
      "txnno":76237523,
      "date":"21/3/102",
      "from":"Ico_Tha",
      "more":"info",
      "payment_currency":"ZCash"
   },
   {  
      "currencyIcon":"BTC-alt",
      "statusClass":"success-text",
      "status":"Buy",
      "price":123872.07,
      "total":16245.79,
      "txnno":76237523,
      "date":"21/3/102",
      "from":"Ico_Tha",
      "more":"info",
      "payment_currency":"Bitcoin"
   }

]