[
   {
      "name": "Adam",
      "city": "California",
      "country": "USA",
      "post": "Senior Developer, Company Inc.",
      "image": "assets/img/user-1.jpg"
   },
   {
      "name": "Thomas",
      "city": "Punjab",
      "country": "India",
      "post":"Software Engineer, Company Inc.",
      "image":"assets/img/user-2.jpg"
   },
   {
      "name": "Gilcharist",
      "city": "California",
      "country": "USA",
      "post": "Senior Developer, Company Inc.",
      "image":"assets/img/user-3.jpg"
   },
   {
      "name": "John",
      "city": "Punjab",
      "country": "India",
      "post": "Software Engineer, Company Inc.",
      "image": "assets/img/user-4.jpg"
   },
   {
      "name": "Smith",
      "city": "California",
      "country":"USA",
      "post": "Senior Developer, Company Inc.",
      "image": "assets/img/user-1.jpg"
   },
   {
      "name": "Peter",
      "city": "Punjab",
      "country": "India",
      "post": "Software Engineer, Company Inc.",
      "image":"assets/img/user-2.jpg"
   },
   {
      "name": "Kley",
      "city": "California",
      "country": "USA",
      "post":"Senior Developer, Company Inc.",
      "image":"assets/img/user-3.jpg"
   },
   {
      "name": "Adam",
      "city": "Punjab",
      "country": "India",
      "post": "Software Engineer, Company Inc.",
      "image":"assets/img/user-4.jpg"
   },
   {
      "name": "Orton",
      "city": "California",
      "country": "USA",
      "post": "Senior Developer, Company Inc.",
      "image": "assets/img/user-1.jpg"
   }
]