[
   {
   	"img":"assets/img/user-1.jpg",
   	"firstName" : "Steven",
      "lastName" : "Gonzalez",
   	"isNewUser":"New",
    	"emailAddress": "StevenAGonzalez@dayrep.com",
     	"status": "Active",
      "statusTime":"Since 1 hour",  
      "accountTypeColor":"primary",
      "accountType": "Platinum",
      "dateCreated": "13 Aug 2018"
   },
   {
   	"img":"assets/img/user-2.jpg",
      "firstName" : "Josephine",
      "lastName" : "Goodman",
      "isNewUser":"New",
   	"emailAddress": "JosephineKGoodman@jourrapide.com",
   	"status": "Inactive",
      "statusTime":"Since 30 min",
      "accountType": "Gold",
      "accountTypeColor":"accent",
      "dateCreated": "22 Aug 2018"
  	},
   {
		"img":"assets/img/user-3.jpg",
      "firstName" : "Mario",
      "lastName" : "Harmon",
		"emailAddress": "MarioCHarmon@armyspy.com",
		"status": "Active",
      "statusTime":"Since 2 hour",
		"accountType": "Silver",
      "accountTypeColor":"warn",
		"dateCreated": "13 Aug 2018"
   },
   {
		"img":"assets/img/user-4.jpg",
      "firstName" : "Aleta",
      "lastName" : "Goodell",
		"emailAddress": "AletaDGoodell@teleworm.us",
		"status": "Inactive",
      "statusTime":"Since 24 min",
		"accountType": "Platinum",
      "accountTypeColor":"primary",
		"dateCreated": "22 Aug 2018"
   },
   {
		"img":"assets/img/user-5.jpg",
      "firstName" : "Florence",
      "lastName" : "Smith",
		"emailAddress": "FlorenceJSmith@rhyta.com",
		"status": "Active",
      "statusTime":"Since 10 hour",
      "accountType":"Gold",
      "accountTypeColor":"accent",
		"dateCreated": "13 Aug 2018"
   },
   {
		"img":"assets/img/user-6.jpg",
      "firstName" : "Helen",
      "lastName" : "Moronta",
		"emailAddress": "HelenLMoronta@teleworm.us",
		"status": "Inactive",
      "statusTime":"Since 5 hour",
      "accountType": "Silver",
      "accountTypeColor":"warn",
		"dateCreated": "22 Aug 2018"
   },
   {
		"img":"assets/img/user-7.jpg",
      "firstName" : "Leanora",
      "lastName" : "Reed",
		"emailAddress": "LeanoraTReed@rhyta.com",
		"status": "Active",
      "statusTime":"Since 10 min",
		"accountType": "Platinum",
      "accountTypeColor":"primary",
		"dateCreated": "13 Aug 2018"
   },
   {
		"img":"assets/img/user-8.jpg",
      "firstName" : "Judy",
      "lastName" : "Gallardo",
		"emailAddress": "JudyPGallardo@dayrep.com",
		"status": "Inactive",
      "statusTime":"Since 4 hour",
      "accountType": "Gold", 
      "accountTypeColor":"accent", 
		"dateCreated": "22 Aug 2018"
   },
   {
		"img":"assets/img/user-9.jpg",
      "firstName" : "Goldie",
      "lastName" : "Carlson",
		"emailAddress": "GoldieJCarlson@teleworm.us", 
		"status": "Active",
      "statusTime":"Since 9 hour",
      "accountType": "Silver",
      "accountTypeColor":"warn",
		"dateCreated": "13 Aug 2018"
   },
   {
		"img":"assets/img/user-3.jpg",
      "firstName" : "Bradley",
      "lastName" : "Bannon",
		"emailAddress": "BradleyDBannon@teleworm.us",
		"status": "Inactive",
      "statusTime":"Since 5 min",
		"accountType": "Platinum",
      "accountTypeColor":"primary",
		"dateCreated": "22 Aug 2018"
   }
]